shukoh = Shuko Hosoi <Shuko.Hosoi@Clearswift.com>
ryanj = Ryan Jones <Ryan.Jones@Clearswift.com>
reubenr = Reuben Reid <Reuben.Reid@Clearswift.com>
adamb = Adam Byles <Adam.Byles@clearswift.com>
joelc = Joel Challis <Joel.Challis@clearswift.com>
adamj = adamj
alexb = Alex Booth <Alex.Booth@clearswift.com>
alexs = Alex Sharp <Alex.Sharp@clearswift.com>
alynh = Alyn Hockey <Alyn.Hockey@clearswift.com>
andreag = Andrea Gilbert <Andrea.Gilbert@clearswift.com>
andys = Andy Shearer <Andy.Shearer@clearswift.com>
anthonyc = Anthony Culham <Anthony.Culham@clearswift.com>
anthonyw = Anthony Woodhouse <Anthony.Woodhouse@clearswift.com>
bartlomiejm = bartlomiejm
bryanb = Bryan Bateman <Bryan.Bateman@clearswift.com>
chrisj = Chris Judge <Chris.Judge@clearswift.com>
chrisr = Christopher Reynolds <Christopher.Reynolds@clearswift.com>
christianm = Christian Mercer <Christian.Mercer@clearswift.com>
cibuild = Ian Cotton <Ian.Cotton@clearswift.com>
cliveh = Clive Harris <Clive.Harris@clearswift.com>
craiga = Craig Arnush <Craig.Arnush@clearswift.com>
darreng = Darren Graham <Darren.Graham@clearswift.com>
dimitriosv = Dimitrios Vogiatzis <Dimitrios.Vogiatzis@clearswift.com>
divent = Diven Topiwala <Diven.Topiwala@clearswift.com>
dominikf = dominikf
eloic = Eloi carbosole <Eloi.carbosole@clearswift.com>
emmas = Emma Smith <Emma.Smith@clearswift.com>
ericac = Erica Cargle <Erica.Cargle@clearswift.com>
geoffh = geoffh
grzegorzs = grzegorzs
ianc = Ian Cotton <Ian.Cotton@clearswift.com>
ivanh = ivanh
jamesco = jamesco
jameso = jameso
jamieb = Jamie Brown <Jamie.Brown@clearswift.com>
jasona = Jason Atkins <Jason.Atkins@clearswift.com>
jasonw = Jason Wyatt <Jason.Wyatt@clearswift.com>
jenkins = jenkins
joelc = joelc
jonathana = Jonathan Adams <Jonathan.Adams@clearswift.com>
josephm = josephm
junkoi = junkoi
kimw = Kim Westley <Kim.Westley@clearswift.com>
kymw = Kym Welsby <Kym.Welsby@clearswift.com>
lindsaya = Lindsay Aldridge <Lindsay.Aldridge@clearswift.com>
lisam = Lisa Meredith <Lisa.Meredith@clearswift.com>
louisef = louisef
lukee = lukee
luker = Luke Ross <Luke.Ross@clearswift.com>
maksyms = Maksym Schipka <Maksym.Schipka@clearswift.com>
mandarv = mandarv
marcinm = marcinm
marieg = Marie Griffiths <Marie.Griffiths@clearswift.com>
markw = Mark Wheeler <Mark.Wheeler@clearswift.com>
matd = Mat Durrant <Mat.Durrant@clearswift.com>
matthewp = Matthew Palmer <Matthew.Palmer@clearswift.com>
matthews = matthews
matthewst = Matthew Stubbs <Matthew.Stubbs@clearswift.com>
mikhailg = Mikhail Gostev <Mikhail.Gostev@clearswift.com>
mischal = Mischa Lehmann <Mischa.Lehmann@clearswift.com>
mousumim = mousumim
nathanf = Nathan Fisher <Nathan.Fisher@clearswift.com>
nathant = nathant
nickj = nickj
nikk = Nik Kostaras <Nik.Kostaras@clearswift.com>
olivera = olivera
osamaa = osamaa
patrickf = Patrick Foy <Patrick.Foy@clearswift.com>
paulho = paulho
paulk = Paul Kingsnorth <Paul.Kingsnorth@clearswift.com>
paulm = Paul Martin <Paul.Martin@clearswift.com>
paulst = Paul Storey <Paul.Storey@clearswift.com>
pawelp = Pawel Popanda <Pawel.Popanda@clearswift.com>
peterd = Peter Dower <Peter.Dower@clearswift.com>
peteri = peteri
philu = Phil Uden <Phil.Uden@clearswift.com>
priyankas = Priyanka Sabharwal <Priyanka.Sabharwal@clearswift.com>
reubenr = reubenr
robm = Rob Maidment <Rob.Maidment@clearswift.com>
ryanj = ryanj
samm = Sam Marsh <Sam.Marsh@clearswift.com>
shukoh = shukoh
soumits = Soumit Saha <Soumit.Saha@clearswift.com>
stepheng = Stephen Greenslade <Stephen.Greenslade@clearswift.com>
stevel = Steve Loines <Steve.Loines@clearswift.com>
steves = Steve Short <Steve.Short@clearswift.com>
stuartm = Stuart Moss <Stuart.Moss@clearswift.com>
tarnjotv = Tarnjot Virdee <Tarnjot.Virdee@clearswift.com>
timc = Tim Coveney <Tim.Coveney@clearswift.com>
tomaszm = tomaszm
tomg = tomg
vasileiosc = vasileiosc
williamn = williamn
zakc = zakc
